Plate,Experiment,Group,Filename,Sample,Workspace,Compensation Source,Plot Title,Gate,X Parameter,Y Parameter,Count,Volume,Concentration,%Total,%Gated,X Mean,Y Mean,X Median,Y Median,X Peak,Y Peak,X SD,Y SD,X %CV,Y %CV,X rSD,Y rSD,X %rCV,Y %rCV
2020-12-18 - Plate scFv1,Experiment,Group,,A1,Experiment,None,N/A,All Events,N/A,N/A,4508,100,45.080,100.000,100.000,N/A,N/A,N/A,N/A,N/A,N/A,N/A,N/A,N/A,N/A,N/A,N/A,N/A,N/A
2020-12-18 - Plate scFv1,Experiment,Group,,A1,Experiment,None,,R1,FSC-A,SSC-A,4280,100,42.800,94.942,94.942,595803,16496,554822,13694,522055,11949,174364.01,8208.72,29.27,49.76,110034.86,5798.45,19.83,42.34
2020-12-18 - Plate scFv1,Experiment,Group,,A1,Experiment,None,,R2,BL1-A,,323,100,3.230,7.165,7.547,6976,N/A,3781,N/A,10678,N/A,8870.85,N/A,127.16,N/A,3773.22,N/A,99.79,N/A
2020-12-18 - Plate scFv1,Experiment,Group,,A1,Experiment,None,,R1,BL1-A,,4280,100,42.800,94.942,94.942,687,N/A,153,N/A,-19,N/A,3028.00,N/A,440.91,N/A,111.19,N/A,72.68,N/A
2020-12-18 - Plate scFv1,Experiment,Group,,A2,Experiment,None,N/A,All Events,N/A,N/A,6661,100,66.610,100.000,100.000,N/A,N/A,N/A,N/A,N/A,N/A,N/A,N/A,N/A,N/A,N/A,N/A,N/A,N/A
2020-12-18 - Plate scFv1,Experiment,Group,,A2,Experiment,None,,R1,FSC-A,SSC-A,6448,100,64.480,96.802,96.802,585089,15716,550005,13295,522482,10032,151421.46,7575.72,25.88,48.20,86930.03,4804.37,15.81,36.14
2020-12-18 - Plate scFv1,Experiment,Group,,A2,Experiment,None,,R2,BL1-A,,254,100,2.540,3.813,3.939,11179,N/A,7945,N/A,13461,N/A,14274.93,N/A,127.69,N/A,9390.05,N/A,118.20,N/A
2020-12-18 - Plate scFv1,Experiment,Group,,A2,Experiment,None,,R1,BL1-A,,6448,100,64.480,96.802,96.802,592,N/A,145,N/A,-15,N/A,3550.66,N/A,600.12,N/A,90.44,N/A,62.37,N/A
2020-12-18 - Plate scFv1,Experiment,Group,,A3,Experiment,None,N/A,All Events,N/A,N/A,7931,100,79.310,100.000,100.000,N/A,N/A,N/A,N/A,N/A,N/A,N/A,N/A,N/A,N/A,N/A,N/A,N/A,N/A
2020-12-18 - Plate scFv1,Experiment,Group,,A3,Experiment,None,,R1,FSC-A,SSC-A,5623,100,56.230,70.899,70.899,472602,16945,465992,15404,501671,14432,140491.41,6907.68,29.73,40.77,107610.07,5006.74,23.09,32.50
2020-12-18 - Plate scFv1,Experiment,Group,,A3,Experiment,None,,R2,BL1-A,,5499,100,54.990,69.336,97.795,8509,N/A,6964,N/A,6672,N/A,8504.04,N/A,99.94,N/A,3080.84,N/A,44.24,N/A
2020-12-18 - Plate scFv1,Experiment,Group,,A3,Experiment,None,,R1,BL1-A,,5623,100,56.230,70.899,70.899,8331,N/A,6873,N/A,6672,N/A,8493.73,N/A,101.96,N/A,3129.77,N/A,45.54,N/A
2020-12-18 - Plate scFv1,Experiment,Group,,A4,Experiment,None,N/A,All Events,N/A,N/A,7329,100,73.290,100.000,100.000,N/A,N/A,N/A,N/A,N/A,N/A,N/A,N/A,N/A,N/A,N/A,N/A,N/A,N/A
2020-12-18 - Plate scFv1,Experiment,Group,,A4,Experiment,None,,R1,FSC-A,SSC-A,7075,100,70.750,96.534,96.534,580878,16149,543358,13633,529428,11169,159578.00,7842.68,27.47,48.56,92695.12,5175.76,17.06,37.96
2020-12-18 - Plate scFv1,Experiment,Group,,A4,Experiment,None,,R2,BL1-A,,354,100,3.540,4.830,5.004,10054,N/A,8091,N/A,13697,N/A,10109.15,N/A,100.55,N/A,8934.89,N/A,110.43,N/A
2020-12-18 - Plate scFv1,Experiment,Group,,A4,Experiment,None,,R1,BL1-A,,7075,100,70.750,96.534,96.534,668,N/A,158,N/A,-15,N/A,3123.19,N/A,467.85,N/A,97.85,N/A,61.93,N/A
2020-12-18 - Plate scFv1,Experiment,Group,,A5,Experiment,None,N/A,All Events,N/A,N/A,7398,100,73.980,100.000,100.000,N/A,N/A,N/A,N/A,N/A,N/A,N/A,N/A,N/A,N/A,N/A,N/A,N/A,N/A
2020-12-18 - Plate scFv1,Experiment,Group,,A5,Experiment,None,,R1,FSC-A,SSC-A,7115,100,71.150,96.175,96.175,592492,16326,550946,13589,515578,11170,160434.27,8068.56,27.08,49.42,93655.84,5156.48,17.00,37.95
2020-12-18 - Plate scFv1,Experiment,Group,,A5,Experiment,None,,R2,BL1-A,,297,100,2.970,4.015,4.174,7820,N/A,4395,N/A,1045,N/A,8189.34,N/A,104.72,N/A,4830.31,N/A,109.90,N/A
2020-12-18 - Plate scFv1,Experiment,Group,,A5,Experiment,None,,R1,BL1-A,,7115,100,71.150,96.175,96.175,486,N/A,150,N/A,-14,N/A,2269.00,N/A,466.65,N/A,97.85,N/A,65.23,N/A
2020-12-18 - Plate scFv1,Experiment,Group,,A6,Experiment,None,N/A,All Events,N/A,N/A,7798,100,77.980,100.000,100.000,N/A,N/A,N/A,N/A,N/A,N/A,N/A,N/A,N/A,N/A,N/A,N/A,N/A,N/A
2020-12-18 - Plate scFv1,Experiment,Group,,A6,Experiment,None,,R1,FSC-A,SSC-A,6495,100,64.950,83.291,83.291,477752,16731,464615,15367,462178,12951,130134.89,6595.81,27.24,39.42,103231.95,5021.57,22.22,32.68
2020-12-18 - Plate scFv1,Experiment,Group,,A6,Experiment,None,,R2,BL1-A,,5993,100,59.930,76.853,92.271,5514,N/A,4792,N/A,4161,N/A,3806.31,N/A,69.03,N/A,2077.12,N/A,43.35,N/A
2020-12-18 - Plate scFv1,Experiment,Group,,A6,Experiment,None,,R1,BL1-A,,6495,100,64.950,83.291,83.291,5110,N/A,4587,N/A,4161,N/A,3914.56,N/A,76.61,N/A,2240.21,N/A,48.84,N/A
2020-12-18 - Plate scFv1,Experiment,Group,,B1,Experiment,None,N/A,All Events,N/A,N/A,4068,100,40.680,100.000,100.000,N/A,N/A,N/A,N/A,N/A,N/A,N/A,N/A,N/A,N/A,N/A,N/A,N/A,N/A
2020-12-18 - Plate scFv1,Experiment,Group,,B1,Experiment,None,,R1,FSC-A,SSC-A,3881,100,38.810,95.403,95.403,595015,16422,552820,13578,536477,11947,166731.22,8167.17,28.02,49.73,94220.71,5058.63,17.04,37.26
2020-12-18 - Plate scFv1,Experiment,Group,,B1,Experiment,None,,R2,BL1-A,,236,100,2.360,5.801,6.081,10587,N/A,6411,N/A,6417,N/A,10913.34,N/A,103.08,N/A,7551.62,N/A,117.79,N/A
2020-12-18 - Plate scFv1,Experiment,Group,,B1,Experiment,None,,R1,BL1-A,,3881,100,38.810,95.403,95.403,828,N/A,177,N/A,-20,N/A,3660.34,N/A,442.22,N/A,106.75,N/A,60.31,N/A
2020-12-18 - Plate scFv1,Experiment,Group,,B2,Experiment,None,N/A,All Events,N/A,N/A,6632,100,66.320,100.000,100.000,N/A,N/A,N/A,N/A,N/A,N/A,N/A,N/A,N/A,N/A,N/A,N/A,N/A,N/A
2020-12-18 - Plate scFv1,Experiment,Group,,B2,Experiment,None,,R1,FSC-A,SSC-A,5871,100,58.710,88.525,88.525,492108,15691,482038,14171,522034,11627,138309.00,6338.68,28.11,40.40,108934.03,4529.34,22.60,31.96
2020-12-18 - Plate scFv1,Experiment,Group,,B2,Experiment,None,,R2,BL1-A,,4763,100,47.630,71.818,81.128,5891,N/A,4959,N/A,5530,N/A,5460.16,N/A,92.69,N/A,2551.55,N/A,51.45,N/A
2020-12-18 - Plate scFv1,Experiment,Group,,B2,Experiment,None,,R1,BL1-A,,5871,100,58.710,88.525,88.525,4845,N/A,4237,N/A,5530,N/A,5375.34,N/A,110.93,N/A,3292.85,N/A,77.72,N/A
2020-12-18 - Plate scFv1,Experiment,Group,,B3,Experiment,None,N/A,All Events,N/A,N/A,6668,100,66.680,100.000,100.000,N/A,N/A,N/A,N/A,N/A,N/A,N/A,N/A,N/A,N/A,N/A,N/A,N/A,N/A
2020-12-18 - Plate scFv1,Experiment,Group,,B3,Experiment,None,,R1,FSC-A,SSC-A,6405,100,64.050,96.056,96.056,578113,16284,537835,13628,508438,10016,164335.79,7947.98,28.43,48.81,96668.48,5221.72,17.97,38.32
2020-12-18 - Plate scFv1,Experiment,Group,,B3,Experiment,None,,R2,BL1-A,,419,100,4.190,6.284,6.542,7570,N/A,4056,N/A,1005,N/A,11273.46,N/A,148.92,N/A,3930.37,N/A,96.90,N/A
2020-12-18 - Plate scFv1,Experiment,Group,,B3,Experiment,None,,R1,BL1-A,,6405,100,64.050,96.056,96.056,664,N/A,162,N/A,-16,N/A,3413.31,N/A,513.68,N/A,108.23,N/A,66.81,N/A
2020-12-18 - Plate scFv1,Experiment,Group,,B4,Experiment,None,N/A,All Events,N/A,N/A,5928,100,59.280,100.000,100.000,N/A,N/A,N/A,N/A,N/A,N/A,N/A,N/A,N/A,N/A,N/A,N/A,N/A,N/A
2020-12-18 - Plate scFv1,Experiment,Group,,B4,Experiment,None,,R1,FSC-A,SSC-A,5786,100,57.860,97.605,97.605,565750,15855,530117,13395,508250,11030,155905.52,7496.61,27.56,47.28,89500.85,4999.33,16.88,37.32
2020-12-18 - Plate scFv1,Experiment,Group,,B4,Experiment,None,,R2,BL1-A,,213,100,2.130,3.593,3.681,10073,N/A,6948,N/A,14270,N/A,10269.81,N/A,101.96,N/A,8369.28,N/A,120.46,N/A
2020-12-18 - Plate scFv1,Experiment,Group,,B4,Experiment,None,,R1,BL1-A,,5786,100,57.860,97.605,97.605,540,N/A,160,N/A,-17,N/A,2711.63,N/A,501.95,N/A,97.85,N/A,61.16,N/A
2020-12-18 - Plate scFv1,Experiment,Group,,B5,Experiment,None,N/A,All Events,N/A,N/A,6436,100,64.360,100.000,100.000,N/A,N/A,N/A,N/A,N/A,N/A,N/A,N/A,N/A,N/A,N/A,N/A,N/A,N/A
2020-12-18 - Plate scFv1,Experiment,Group,,B5,Experiment,None,,R1,FSC-A,SSC-A,5908,100,59.080,91.796,91.796,510480,16130,497340,14203,529368,12102,148997.15,7354.81,29.19,45.60,109504.09,5189.10,22.02,36.54
2020-12-18 - Plate scFv1,Experiment,Group,,B5,Experiment,None,,R2,BL1-A,,2851,100,28.510,44.298,48.257,5302,N/A,4244,N/A,4519,N/A,5680.20,N/A,107.14,N/A,2865.87,N/A,67.53,N/A
2020-12-18 - Plate scFv1,Experiment,Group,,B5,Experiment,None,,R1,BL1-A,,5908,100,59.080,91.796,91.796,2694,N/A,798,N/A,-14,N/A,4683.09,N/A,173.82,N/A,1064.51,N/A,133.40,N/A
2020-12-18 - Plate scFv1,Experiment,Group,,B6,Experiment,None,N/A,All Events,N/A,N/A,7136,100,71.360,100.000,100.000,N/A,N/A,N/A,N/A,N/A,N/A,N/A,N/A,N/A,N/A,N/A,N/A,N/A,N/A
2020-12-18 - Plate scFv1,Experiment,Group,,B6,Experiment,None,,R1,FSC-A,SSC-A,6811,100,68.110,95.446,95.446,612515,16952,554658,14015,522021,11023,176371.44,8494.16,28.79,50.11,104469.92,6054.94,18.84,43.20
2020-12-18 - Plate scFv1,Experiment,Group,,B6,Experiment,None,,R2,BL1-A,,230,100,2.300,3.223,3.377,11468,N/A,7772,N/A,13103,N/A,16954.29,N/A,147.84,N/A,8939.34,N/A,115.02,N/A
2020-12-18 - Plate scFv1,Experiment,Group,,B6,Experiment,None,,R1,BL1-A,,6811,100,68.110,95.446,95.446,548,N/A,151,N/A,-19,N/A,3721.20,N/A,678.60,N/A,100.82,N/A,66.77,N/A
2020-12-18 - Plate scFv1,Experiment,Group,,C1,Experiment,None,N/A,All Events,N/A,N/A,5433,100,54.330,100.000,100.000,N/A,N/A,N/A,N/A,N/A,N/A,N/A,N/A,N/A,N/A,N/A,N/A,N/A,N/A
2020-12-18 - Plate scFv1,Experiment,Group,,C1,Experiment,None,,R1,FSC-A,SSC-A,4772,100,47.720,87.834,87.834,445940,15756,456086,14463,462523,13507,163012.36,6179.68,36.55,39.22,130012.90,4628.68,28.51,32.00
2020-12-18 - Plate scFv1,Experiment,Group,,C1,Experiment,None,,R2,BL1-A,,4397,100,43.970,80.931,92.142,8772,N/A,6256,N/A,6502,N/A,9464.67,N/A,107.89,N/A,3473.73,N/A,55.53,N/A
2020-12-18 - Plate scFv1,Experiment,Group,,C1,Experiment,None,,R1,BL1-A,,4772,100,47.720,87.834,87.834,8114,N/A,5915,N/A,6502,N/A,9360.77,N/A,115.36,N/A,3734.67,N/A,63.14,N/A
2020-12-18 - Plate scFv1,Experiment,Group,,C2,Experiment,None,N/A,All Events,N/A,N/A,5854,100,58.540,100.000,100.000,N/A,N/A,N/A,N/A,N/A,N/A,N/A,N/A,N/A,N/A,N/A,N/A,N/A,N/A
2020-12-18 - Plate scFv1,Experiment,Group,,C2,Experiment,None,,R1,FSC-A,SSC-A,5661,100,56.610,96.703,96.703,580392,15976,542203,13395,551603,10724,162779.35,7906.80,28.05,49.49,90631.34,5106.07,16.72,38.12
2020-12-18 - Plate scFv1,Experiment,Group,,C2,Experiment,None,,R2,BL1-A,,327,100,3.270,5.586,5.776,10368,N/A,6721,N/A,4656,N/A,11190.85,N/A,107.94,N/A,7328.49,N/A,109.04,N/A
2020-12-18 - Plate scFv1,Experiment,Group,,C2,Experiment,None,,R1,BL1-A,,5661,100,56.610,96.703,96.703,764,N/A,159,N/A,-17,N/A,3589.21,N/A,469.51,N/A,100.82,N/A,63.41,N/A
2020-12-18 - Plate scFv1,Experiment,Group,,C3,Experiment,None,N/A,All Events,N/A,N/A,12783,100,127.830,100.000,100.000,N/A,N/A,N/A,N/A,N/A,N/A,N/A,N/A,N/A,N/A,N/A,N/A,N/A,N/A
2020-12-18 - Plate scFv1,Experiment,Group,,C3,Experiment,None,,R1,FSC-A,SSC-A,5810,100,58.100,45.451,45.451,469485,17225,469510,15588,468542,16297,169192.63,7738.04,36.04,44.92,137882.54,5643.52,29.37,36.20
2020-12-18 - Plate scFv1,Experiment,Group,,C3,Experiment,None,,R2,BL1-A,,5760,100,57.600,45.060,99.139,8762,N/A,7255,N/A,6778,N/A,6568.77,N/A,74.97,N/A,3116.43,N/A,42.96,N/A
2020-12-18 - Plate scFv1,Experiment,Group,,C3,Experiment,None,,R1,BL1-A,,5810,100,58.100,45.451,45.451,8689,N/A,7221,N/A,6778,N/A,6587.10,N/A,75.81,N/A,3126.80,N/A,43.30,N/A
2020-12-18 - Plate scFv1,Experiment,Group,,C4,Experiment,None,N/A,All Events,N/A,N/A,6336,100,63.360,100.000,100.000,N/A,N/A,N/A,N/A,N/A,N/A,N/A,N/A,N/A,N/A,N/A,N/A,N/A,N/A
2020-12-18 - Plate scFv1,Experiment,Group,,C4,Experiment,None,,R1,FSC-A,SSC-A,6159,100,61.590,97.206,97.206,560965,15783,529514,13455,508185,10589,152245.22,7588.77,27.14,48.08,84536.37,4980.05,15.96,37.01
2020-12-18 - Plate scFv1,Experiment,Group,,C4,Experiment,None,,R2,BL1-A,,241,100,2.410,3.804,3.913,9723,N/A,6522,N/A,976,N/A,10596.10,N/A,108.98,N/A,7986.77,N/A,122.46,N/A
2020-12-18 - Plate scFv1,Experiment,Group,,C4,Experiment,None,,R1,BL1-A,,6159,100,61.590,97.206,97.206,545,N/A,158,N/A,-18,N/A,2796.33,N/A,513.17,N/A,91.92,N/A,58.18,N/A
2020-12-18 - Plate scFv1,Experiment,Group,,C5,Experiment,None,N/A,All Events,N/A,N/A,6017,100,60.170,100.000,100.000,N/A,N/A,N/A,N/A,N/A,N/A,N/A,N/A,N/A,N/A,N/A,N/A,N/A,N/A
2020-12-18 - Plate scFv1,Experiment,Group,,C5,Experiment,None,,R1,FSC-A,SSC-A,5827,100,58.270,96.842,96.842,569339,15517,533978,13148,529655,11949,152878.58,7427.96,26.85,47.87,85119.03,4787.32,15.94,36.41
2020-12-18 - Plate scFv1,Experiment,Group,,C5,Experiment,None,,R2,BL1-A,,219,100,2.190,3.640,3.758,10630,N/A,6574,N/A,12659,N/A,12386.64,N/A,116.53,N/A,7884.47,N/A,119.93,N/A
2020-12-18 - Plate scFv1,Experiment,Group,,C5,Experiment,None,,R1,BL1-A,,5827,100,58.270,96.842,96.842,563,N/A,153,N/A,-21,N/A,3116.60,N/A,554.01,N/A,93.40,N/A,61.05,N/A
2020-12-18 - Plate scFv1,Experiment,Group,,C6,Experiment,None,N/A,All Events,N/A,N/A,6333,100,63.330,100.000,100.000,N/A,N/A,N/A,N/A,N/A,N/A,N/A,N/A,N/A,N/A,N/A,N/A,N/A,N/A
2020-12-18 - Plate scFv1,Experiment,Group,,C6,Experiment,None,,R1,FSC-A,SSC-A,5998,100,59.980,94.710,94.710,566400,16857,527828,14159,515056,11178,177835.19,8398.50,31.40,49.82,106482.55,5853.30,20.17,41.34
2020-12-18 - Plate scFv1,Experiment,Group,,C6,Experiment,None,,R2,BL1-A,,957,100,9.570,15.111,15.955,5795,N/A,3641,N/A,3446,N/A,7703.41,N/A,132.94,N/A,3002.26,N/A,82.46,N/A
2020-12-18 - Plate scFv1,Experiment,Group,,C6,Experiment,None,,R1,BL1-A,,5998,100,59.980,94.710,94.710,1090,N/A,184,N/A,-19,N/A,3699.31,N/A,339.46,N/A,148.26,N/A,80.58,N/A
2020-12-18 - Plate scFv1,Experiment,Group,,D1,Experiment,None,N/A,All Events,N/A,N/A,4231,100,42.310,100.000,100.000,N/A,N/A,N/A,N/A,N/A,N/A,N/A,N/A,N/A,N/A,N/A,N/A,N/A,N/A
2020-12-18 - Plate scFv1,Experiment,Group,,D1,Experiment,None,,R1,FSC-A,SSC-A,4033,100,40.330,95.320,95.320,604975,16706,555172,13755,529124,10726,180061.12,8485.05,29.76,50.79,101945.06,5882.96,18.36,42.77
2020-12-18 - Plate scFv1,Experiment,Group,,D1,Experiment,None,,R2,BL1-A,,211,100,2.110,4.987,5.232,11778,N/A,10264,N/A,8903,N/A,9451.85,N/A,80.25,N/A,10782.95,N/A,105.06,N/A
2020-12-18 - Plate scFv1,Experiment,Group,,D1,Experiment,None,,R1,BL1-A,,4033,100,40.330,95.320,95.320,796,N/A,169,N/A,-16,N/A,3365.75,N/A,422.96,N/A,109.71,N/A,64.92,N/A
2020-12-18 - Plate scFv1,Experiment,Group,,D2,Experiment,None,N/A,All Events,N/A,N/A,6155,100,61.550,100.000,100.000,N/A,N/A,N/A,N/A,N/A,N/A,N/A,N/A,N/A,N/A,N/A,N/A,N/A,N/A
2020-12-18 - Plate scFv1,Experiment,Group,,D2,Experiment,None,,R1,FSC-A,SSC-A,4672,100,46.720,75.906,75.906,494269,16196,490489,14915,508294,15878,135529.02,6101.34,27.42,37.67,103128.17,4611.63,21.03,30.92
2020-12-18 - Plate scFv1,Experiment,Group,,D2,Experiment,None,,R2,BL1-A,,4612,100,46.120,74.931,98.716,9542,N/A,8126,N/A,7858,N/A,6975.33,N/A,73.10,N/A,3217.98,N/A,39.60,N/A
2020-12-18 - Plate scFv1,Experiment,Group,,D2,Experiment,None,,R1,BL1-A,,4672,100,46.720,75.906,75.906,9424,N/A,8060,N/A,7858,N/A,7007.09,N/A,74.36,N/A,3246.89,N/A,40.28,N/A
2020-12-18 - Plate scFv1,Experiment,Group,,D3,Experiment,None,N/A,All Events,N/A,N/A,5687,100,56.870,100.000,100.000,N/A,N/A,N/A,N/A,N/A,N/A,N/A,N/A,N/A,N/A,N/A,N/A,N/A,N/A
2020-12-18 - Plate scFv1,Experiment,Group,,D3,Experiment,None,,R1,FSC-A,SSC-A,5463,100,54.630,96.061,96.061,589434,15968,549054,13418,521957,10029,165427.03,7853.60,28.07,49.18,90733.64,5114.97,16.53,38.12
2020-12-18 - Plate scFv1,Experiment,Group,,D3,Experiment,None,,R2,BL1-A,,254,100,2.540,4.466,4.649,10981,N/A,9481,N/A,9484,N/A,10067.15,N/A,91.68,N/A,10008.29,N/A,105.57,N/A
2020-12-18 - Plate scFv1,Experiment,Group,,D3,Experiment,None,,R1,BL1-A,,5463,100,54.630,96.061,96.061,676,N/A,156,N/A,-16,N/A,3144.64,N/A,465.36,N/A,102.30,N/A,65.58,N/A
2020-12-18 - Plate scFv1,Experiment,Group,,D4,Experiment,None,N/A,All Events,N/A,N/A,5471,100,54.710,100.000,100.000,N/A,N/A,N/A,N/A,N/A,N/A,N/A,N/A,N/A,N/A,N/A,N/A,N/A,N/A
2020-12-18 - Plate scFv1,Experiment,Group,,D4,Experiment,None,,R1,FSC-A,SSC-A,4984,100,49.840,91.099,91.099,526067,16489,506384,13962,495341,11170,156758.79,8321.70,29.80,50.47,103772.36,5303.26,20.49,37.98
2020-12-18 - Plate scFv1,Experiment,Group,,D4,Experiment,None,,R2,BL1-A,,2289,100,22.890,41.839,45.927,7082,N/A,5889,N/A,6492,N/A,7035.90,N/A,99.35,N/A,4087.53,N/A,69.41,N/A
2020-12-18 - Plate scFv1,Experiment,Group,,D4,Experiment,None,,R1,BL1-A,,4984,100,49.840,91.099,91.099,3377,N/A,556,N/A,-14,N/A,5866.05,N/A,173.73,N/A,734.63,N/A,132.25,N/A
2020-12-18 - Plate scFv1,Experiment,Group,,D5,Experiment,None,N/A,All Events,N/A,N/A,5754,100,57.540,100.000,100.000,N/A,N/A,N/A,N/A,N/A,N/A,N/A,N/A,N/A,N/A,N/A,N/A,N/A,N/A
2020-12-18 - Plate scFv1,Experiment,Group,,D5,Experiment,None,,R1,FSC-A,SSC-A,5594,100,55.940,97.219,97.219,569084,15458,534306,13019,515112,10161,154567.17,7501.66,27.16,48.53,86670.57,4816.97,16.22,37.00
2020-12-18 - Plate scFv1,Experiment,Group,,D5,Experiment,None,,R2,BL1-A,,222,100,2.220,3.858,3.969,8330,N/A,5298,N/A,1589,N/A,8703.33,N/A,104.49,N/A,5945.97,N/A,112.23,N/A
2020-12-18 - Plate scFv1,Experiment,Group,,D5,Experiment,None,,R1,BL1-A,,5594,100,55.940,97.219,97.219,492,N/A,153,N/A,-20,N/A,2355.03,N/A,479.03,N/A,94.89,N/A,62.02,N/A
2020-12-18 - Plate scFv1,Experiment,Group,,D6,Experiment,None,N/A,All Events,N/A,N/A,5173,100,51.730,100.000,100.000,N/A,N/A,N/A,N/A,N/A,N/A,N/A,N/A,N/A,N/A,N/A,N/A,N/A,N/A
2020-12-18 - Plate scFv1,Experiment,Group,,D6,Experiment,None,,R1,FSC-A,SSC-A,4556,100,45.560,88.073,88.073,519847,16145,506447,14204,529169,12266,146803.62,7273.70,28.24,45.05,111303.23,4728.01,21.98,33.29
2020-12-18 - Plate scFv1,Experiment,Group,,D6,Experiment,None,,R2,BL1-A,,3343,100,33.430,64.624,73.376,7374,N/A,6449,N/A,7561,N/A,5610.65,N/A,76.08,N/A,3227.62,N/A,50.05,N/A
2020-12-18 - Plate scFv1,Experiment,Group,,D6,Experiment,None,,R1,BL1-A,,4556,100,45.560,88.073,88.073,5483,N/A,5050,N/A,7561,N/A,5741.90,N/A,104.72,N/A,5200.22,N/A,102.97,N/A
2020-12-18 - Plate scFv1,Experiment,Group,,E1,Experiment,None,N/A,All Events,N/A,N/A,3900,100,39.000,100.000,100.000,N/A,N/A,N/A,N/A,N/A,N/A,N/A,N/A,N/A,N/A,N/A,N/A,N/A,N/A
2020-12-18 - Plate scFv1,Experiment,Group,,E1,Experiment,None,,R1,FSC-A,SSC-A,3591,100,35.910,92.077,92.077,538338,16287,522546,14078,515654,11456,155404.02,8000.46,28.87,49.12,113952.63,5180.20,21.81,36.80
2020-12-18 - Plate scFv1,Experiment,Group,,E1,Experiment,None,,R2,BL1-A,,2188,100,21.880,56.103,60.930,6518,N/A,5559,N/A,5761,N/A,6229.71,N/A,95.57,N/A,3433.70,N/A,61.77,N/A
2020-12-18 - Plate scFv1,Experiment,Group,,E1,Experiment,None,,R1,BL1-A,,3591,100,35.910,92.077,92.077,4083,N/A,2582,N/A,5761,N/A,5736.89,N/A,140.51,N/A,3577.51,N/A,138.56,N/A
2020-12-18 - Plate scFv1,Experiment,Group,,E2,Experiment,None,N/A,All Events,N/A,N/A,4955,100,49.550,100.000,100.000,N/A,N/A,N/A,N/A,N/A,N/A,N/A,N/A,N/A,N/A,N/A,N/A,N/A,N/A
2020-12-18 - Plate scFv1,Experiment,Group,,E2,Experiment,None,,R1,FSC-A,SSC-A,4680,100,46.800,94.450,94.450,530669,16034,513545,14008,514664,12297,152617.41,7544.11,28.76,47.05,98486.15,5349.96,19.18,38.19
2020-12-18 - Plate scFv1,Experiment,Group,,E2,Experiment,None,,R2,BL1-A,,1362,100,13.620,27.487,29.103,6236,N/A,4393,N/A,1551,N/A,7215.75,N/A,115.72,N/A,3861.43,N/A,87.90,N/A
2020-12-18 - Plate scFv1,Experiment,Group,,E2,Experiment,None,,R1,BL1-A,,4680,100,46.800,94.450,94.450,1976,N/A,251,N/A,-16,N/A,4755.55,N/A,240.63,N/A,241.66,N/A,96.28,N/A
2020-12-18 - Plate scFv1,Experiment,Group,,E3,Experiment,None,N/A,All Events,N/A,N/A,6110,100,61.100,100.000,100.000,N/A,N/A,N/A,N/A,N/A,N/A,N/A,N/A,N/A,N/A,N/A,N/A,N/A,N/A
2020-12-18 - Plate scFv1,Experiment,Group,,E3,Experiment,None,,R1,FSC-A,SSC-A,5904,100,59.040,96.628,96.628,594294,16282,549935,13512,529119,11312,169530.24,8146.86,28.53,50.03,99119.96,5434.47,18.02,40.22
2020-12-18 - Plate scFv1,Experiment,Group,,E3,Experiment,None,,R2,BL1-A,,213,100,2.130,3.486,3.608,10007,N/A,8313,N/A,11644,N/A,9537.48,N/A,95.31,N/A,9937.87,N/A,119.55,N/A
2020-12-18 - Plate scFv1,Experiment,Group,,E3,Experiment,None,,R1,BL1-A,,5904,100,59.040,96.628,96.628,525,N/A,153,N/A,-24,N/A,2578.38,N/A,491.22,N/A,103.78,N/A,67.83,N/A
2020-12-18 - Plate scFv1,Experiment,Group,,E4,Experiment,None,N/A,All Events,N/A,N/A,5221,100,52.210,100.000,100.000,N/A,N/A,N/A,N/A,N/A,N/A,N/A,N/A,N/A,N/A,N/A,N/A,N/A,N/A
2020-12-18 - Plate scFv1,Experiment,Group,,E4,Experiment,None,,R1,FSC-A,SSC-A,5068,100,50.680,97.070,97.070,585789,15948,547750,13443,544087,11021,163232.03,7768.35,27.87,48.71,89023.46,5126.09,16.25,38.13
2020-12-18 - Plate scFv1,Experiment,Group,,E4,Experiment,None,,R2,BL1-A,,260,100,2.600,4.980,5.130,11439,N/A,9013,N/A,25252,N/A,9970.67,N/A,87.16,N/A,10862.27,N/A,120.52,N/A
2020-12-18 - Plate scFv1,Experiment,Group,,E4,Experiment,None,,R1,BL1-A,,5068,100,50.680,97.070,97.070,757,N/A,164,N/A,-15,N/A,3356.72,N/A,443.38,N/A,103.78,N/A,63.28,N/A
2020-12-18 - Plate scFv1,Experiment,Group,,E5,Experiment,None,N/A,All Events,N/A,N/A,5760,100,57.600,100.000,100.000,N/A,N/A,N/A,N/A,N/A,N/A,N/A,N/A,N/A,N/A,N/A,N/A,N/A,N/A
2020-12-18 - Plate scFv1,Experiment,Group,,E5,Experiment,None,,R1,FSC-A,SSC-A,5582,100,55.820,96.910,96.910,571962,15271,541536,12909,522164,11164,151390.59,7406.16,26.47,48.50,84341.41,4610.14,15.57,35.71
2020-12-18 - Plate scFv1,Experiment,Group,,E5,Experiment,None,,R2,BL1-A,,207,100,2.070,3.594,3.708,8202,N/A,5353,N/A,2241,N/A,7954.41,N/A,96.98,N/A,5997.12,N/A,112.03,N/A
2020-12-18 - Plate scFv1,Experiment,Group,,E5,Experiment,None,,R1,BL1-A,,5582,100,55.820,96.910,96.910,469,N/A,154,N/A,-18,N/A,2157.19,N/A,460.32,N/A,94.89,N/A,61.61,N/A
2020-12-18 - Plate scFv1,Experiment,Group,,E6,Experiment,None,N/A,All Events,N/A,N/A,5276,100,52.760,100.000,100.000,N/A,N/A,N/A,N/A,N/A,N/A,N/A,N/A,N/A,N/A,N/A,N/A,N/A,N/A
2020-12-18 - Plate scFv1,Experiment,Group,,E6,Experiment,None,,R1,FSC-A,SSC-A,5065,100,50.650,96.001,96.001,583837,15963,537573,13212,522321,11473,167905.40,7839.30,28.76,49.11,88288.83,5155.00,16.42,39.02
2020-12-18 - Plate scFv1,Experiment,Group,,E6,Experiment,None,,R2,BL1-A,,234,100,2.340,4.435,4.620,10699,N/A,7891,N/A,7845,N/A,9695.53,N/A,90.62,N/A,8283.29,N/A,104.97,N/A
2020-12-18 - Plate scFv1,Experiment,Group,,E6,Experiment,None,,R1,BL1-A,,5065,100,50.650,96.001,96.001,656,N/A,155,N/A,-18,N/A,3037.32,N/A,462.68,N/A,100.82,N/A,65.04,N/A
2020-12-18 - Plate scFv1,Experiment,Group,,F1,Experiment,None,N/A,All Events,N/A,N/A,3550,100,35.500,100.000,100.000,N/A,N/A,N/A,N/A,N/A,N/A,N/A,N/A,N/A,N/A,N/A,N/A,N/A,N/A
2020-12-18 - Plate scFv1,Experiment,Group,,F1,Experiment,None,,R1,FSC-A,SSC-A,3436,100,34.360,96.789,96.789,581084,15723,545941,13186,516008,9625,162119.81,7722.70,27.90,49.12,88718.04,5094.95,16.25,38.64
2020-12-18 - Plate scFv1,Experiment,Group,,F1,Experiment,None,,R2,BL1-A,,160,100,1.600,4.507,4.657,12649,N/A,10721,N/A,16952,N/A,14690.95,N/A,116.15,N/A,10759.23,N/A,100.36,N/A
2020-12-18 - Plate scFv1,Experiment,Group,,F1,Experiment,None,,R1,BL1-A,,3436,100,34.360,96.789,96.789,761,N/A,166,N/A,-16,N/A,4111.94,N/A,540.46,N/A,100.08,N/A,60.47,N/A
2020-12-18 - Plate scFv1,Experiment,Group,,F2,Experiment,None,N/A,All Events,N/A,N/A,5686,100,56.860,100.000,100.000,N/A,N/A,N/A,N/A,N/A,N/A,N/A,N/A,N/A,N/A,N/A,N/A,N/A,N/A
2020-12-18 - Plate scFv1,Experiment,Group,,F2,Experiment,None,,R1,FSC-A,SSC-A,4818,100,48.180,84.734,84.734,519330,15273,512378,14048,508324,13499,129264.74,5591.24,24.89,36.61,102201.55,4209.10,19.95,29.96
2020-12-18 - Plate scFv1,Experiment,Group,,F2,Experiment,None,,R2,BL1-A,,4658,100,46.580,81.921,96.679,9382,N/A,8255,N/A,9508,N/A,6346.92,N/A,67.65,N/A,3550.83,N/A,43.01,N/A
2020-12-18 - Plate scFv1,Experiment,Group,,F2,Experiment,None,,R1,BL1-A,,4818,100,48.180,84.734,84.734,9083,N/A,8105,N/A,9508,N/A,6446.05,N/A,70.97,N/A,3659.06,N/A,45.15,N/A
2020-12-18 - Plate scFv1,Experiment,Group,,F3,Experiment,None,N/A,All Events,N/A,N/A,5551,100,55.510,100.000,100.000,N/A,N/A,N/A,N/A,N/A,N/A,N/A,N/A,N/A,N/A,N/A,N/A,N/A,N/A
2020-12-18 - Plate scFv1,Experiment,Group,,F3,Experiment,None,,R1,FSC-A,SSC-A,4600,100,46.000,82.868,82.868,526597,15562,519931,14044,507948,13702,143416.82,6339.11,27.23,40.73,112925.19,4554.55,21.72,32.43
2020-12-18 - Plate scFv1,Experiment,Group,,F3,Experiment,None,,R2,BL1-A,,4032,100,40.320,72.636,87.652,8129,N/A,7117,N/A,9355,N/A,6074.26,N/A,74.72,N/A,3573.07,N/A,50.20,N/A
2020-12-18 - Plate scFv1,Experiment,Group,,F3,Experiment,None,,R1,BL1-A,,4600,100,46.000,82.868,82.868,7169,N/A,6497,N/A,9355,N/A,6236.62,N/A,87.00,N/A,4188.34,N/A,64.47,N/A
2020-12-18 - Plate scFv1,Experiment,Group,,F4,Experiment,None,N/A,All Events,N/A,N/A,5170,100,51.700,100.000,100.000,N/A,N/A,N/A,N/A,N/A,N/A,N/A,N/A,N/A,N/A,N/A,N/A,N/A,N/A
2020-12-18 - Plate scFv1,Experiment,Group,,F4,Experiment,None,,R1,FSC-A,SSC-A,5044,100,50.440,97.563,97.563,562931,15569,529886,13216,521939,11477,158739.62,7513.97,28.20,48.26,86281.39,4944.47,16.28,37.41
2020-12-18 - Plate scFv1,Experiment,Group,,F4,Experiment,None,,R2,BL1-A,,247,100,2.470,4.778,4.897,12402,N/A,11225,N/A,14418,N/A,10503.12,N/A,84.69,N/A,12535.38,N/A,111.67,N/A
2020-12-18 - Plate scFv1,Experiment,Group,,F4,Experiment,None,,R1,BL1-A,,5044,100,50.440,97.563,97.563,778,N/A,165,N/A,-19,N/A,3514.75,N/A,451.87,N/A,100.82,N/A,61.10,N/A
2020-12-18 - Plate scFv1,Experiment,Group,,F5,Experiment,None,N/A,All Events,N/A,N/A,5657,100,56.570,100.000,100.000,N/A,N/A,N/A,N/A,N/A,N/A,N/A,N/A,N/A,N/A,N/A,N/A,N/A,N/A
2020-12-18 - Plate scFv1,Experiment,Group,,F5,Experiment,None,,R1,FSC-A,SSC-A,4973,100,49.730,87.909,87.909,506950,14554,498699,13174,501478,11788,134989.88,5817.10,26.63,39.97,98707.06,4008.95,19.79,30.43
2020-12-18 - Plate scFv1,Experiment,Group,,F5,Experiment,None,,R2,BL1-A,,4377,100,43.770,77.373,88.015,8453,N/A,7418,N/A,7352,N/A,6258.62,N/A,74.04,N/A,3307.68,N/A,44.59,N/A
2020-12-18 - Plate scFv1,Experiment,Group,,F5,Experiment,None,,R1,BL1-A,,4973,100,49.730,87.909,87.909,7481,N/A,6925,N/A,7352,N/A,6435.92,N/A,86.03,N/A,3914.06,N/A,56.52,N/A
2020-12-18 - Plate scFv1,Experiment,Group,,F6,Experiment,None,N/A,All Events,N/A,N/A,4737,100,47.370,100.000,100.000,N/A,N/A,N/A,N/A,N/A,N/A,N/A,N/A,N/A,N/A,N/A,N/A,N/A,N/A
2020-12-18 - Plate scFv1,Experiment,Group,,F6,Experiment,None,,R1,FSC-A,SSC-A,4593,100,45.930,96.960,96.960,553045,15154,517747,12852,515437,11954,156264.75,7322.03,28.26,48.32,80558.55,4711.70,15.56,36.66
2020-12-18 - Plate scFv1,Experiment,Group,,F6,Experiment,None,,R2,BL1-A,,202,100,2.020,4.264,4.398,13258,N/A,11479,N/A,16952,N/A,11146.96,N/A,84.08,N/A,12301.87,N/A,107.17,N/A
2020-12-18 - Plate scFv1,Experiment,Group,,F6,Experiment,None,,R1,BL1-A,,4593,100,45.930,96.960,96.960,742,N/A,150,N/A,-13,N/A,3558.02,N/A,479.24,N/A,96.37,N/A,64.25,N/A
2020-12-18 - Plate scFv1,Experiment,Group,,G1,Experiment,None,N/A,All Events,N/A,N/A,4405,100,44.050,100.000,100.000,N/A,N/A,N/A,N/A,N/A,N/A,N/A,N/A,N/A,N/A,N/A,N/A,N/A,N/A
2020-12-18 - Plate scFv1,Experiment,Group,,G1,Experiment,None,,R1,FSC-A,SSC-A,3889,100,38.890,88.286,88.286,450914,15722,469323,14157,501982,12436,163880.90,6304.74,36.34,40.10,131524.41,4299.54,28.02,30.37
2020-12-18 - Plate scFv1,Experiment,Group,,G1,Experiment,None,,R2,BL1-A,,3831,100,38.310,86.969,98.509,13404,N/A,10062,N/A,9366,N/A,13005.10,N/A,97.02,N/A,4800.66,N/A,47.71,N/A
2020-12-18 - Plate scFv1,Experiment,Group,,G1,Experiment,None,,R1,BL1-A,,3889,100,38.890,88.286,88.286,13211,N/A,9965,N/A,9366,N/A,13003.47,N/A,98.43,N/A,4839.21,N/A,48.56,N/A
2020-12-18 - Plate scFv1,Experiment,Group,,G2,Experiment,None,N/A,All Events,N/A,N/A,4419,100,44.190,100.000,100.000,N/A,N/A,N/A,N/A,N/A,N/A,N/A,N/A,N/A,N/A,N/A,N/A,N/A,N/A
2020-12-18 - Plate scFv1,Experiment,Group,,G2,Experiment,None,,R1,FSC-A,SSC-A,4255,100,42.550,96.289,96.289,554039,15168,525033,12884,508473,12954,154287.50,7246.77,27.85,47.78,79663.06,4802.14,15.17,37.27
2020-12-18 - Plate scFv1,Experiment,Group,,G2,Experiment,None,,R2,BL1-A,,225,100,2.250,5.092,5.288,13866,N/A,12619,N/A,13267,N/A,15447.93,N/A,111.41,N/A,11196.60,N/A,88.73,N/A
2020-12-18 - Plate scFv1,Experiment,Group,,G2,Experiment,None,,R1,BL1-A,,4255,100,42.550,96.289,96.289,903,N/A,165,N/A,-20,N/A,4686.56,N/A,518.90,N/A,99.33,N/A,60.20,N/A
2020-12-18 - Plate scFv1,Experiment,Group,,G3,Experiment,None,N/A,All Events,N/A,N/A,5278,100,52.780,100.000,100.000,N/A,N/A,N/A,N/A,N/A,N/A,N/A,N/A,N/A,N/A,N/A,N/A,N/A,N/A
2020-12-18 - Plate scFv1,Experiment,Group,,G3,Experiment,None,,R1,FSC-A,SSC-A,4726,100,47.260,89.541,89.541,510917,15933,503155,13916,508057,11781,152845.58,7424.39,29.92,46.60,112617.55,5031.94,22.38,36.16
2020-12-18 - Plate scFv1,Experiment,Group,,G3,Experiment,None,,R2,BL1-A,,2717,100,27.170,51.478,57.490,7080,N/A,5540,N/A,6587,N/A,7638.97,N/A,107.89,N/A,3636.82,N/A,65.65,N/A
2020-12-18 - Plate scFv1,Experiment,Group,,G3,Experiment,None,,R1,BL1-A,,4726,100,47.260,89.541,89.541,4184,N/A,1998,N/A,-15,N/A,6701.51,N/A,160.18,N/A,2785.06,N/A,139.43,N/A
2020-12-18 - Plate scFv1,Experiment,Group,,G4,Experiment,None,N/A,All Events,N/A,N/A,4527,100,45.270,100.000,100.000,N/A,N/A,N/A,N/A,N/A,N/A,N/A,N/A,N/A,N/A,N/A,N/A,N/A,N/A
2020-12-18 - Plate scFv1,Experiment,Group,,G4,Experiment,None,,R1,FSC-A,SSC-A,4326,100,43.260,95.560,95.560,547633,15571,522956,13292,522170,11172,154618.52,7526.81,28.23,48.34,84042.66,4925.94,16.07,37.06
2020-12-18 - Plate scFv1,Experiment,Group,,G4,Experiment,None,,R2,BL1-A,,445,100,4.450,9.830,10.287,9388,N/A,6113,N/A,1765,N/A,9476.83,N/A,100.95,N/A,6808.10,N/A,111.37,N/A
2020-12-18 - Plate scFv1,Experiment,Group,,G4,Experiment,None,,R1,BL1-A,,4326,100,43.260,95.560,95.560,1141,N/A,182,N/A,-18,N/A,4127.67,N/A,361.86,N/A,115.64,N/A,63.54,N/A
2020-12-18 - Plate scFv1,Experiment,Group,,G5,Experiment,None,N/A,All Events,N/A,N/A,4899,100,48.990,100.000,100.000,N/A,N/A,N/A,N/A,N/A,N/A,N/A,N/A,N/A,N/A,N/A,N/A,N/A,N/A
2020-12-18 - Plate scFv1,Experiment,Group,,G5,Experiment,None,,R1,FSC-A,SSC-A,4362,100,43.620,89.039,89.039,504110,15654,503607,14417,494601,11471,140746.07,5946.89,27.92,37.99,105474.39,4572.34,20.94,31.72
2020-12-18 - Plate scFv1,Experiment,Group,,G5,Experiment,None,,R2,BL1-A,,4261,100,42.610,86.977,97.685,11205,N/A,9349,N/A,9238,N/A,9248.22,N/A,82.54,N/A,3868.10,N/A,41.37,N/A
2020-12-18 - Plate scFv1,Experiment,Group,,G5,Experiment,None,,R1,BL1-A,,4362,100,43.620,89.039,89.039,10954,N/A,9242,N/A,9238,N/A,9285.23,N/A,84.77,N/A,3928.15,N/A,42.50,N/A
2020-12-18 - Plate scFv1,Experiment,Group,,G6,Experiment,None,N/A,All Events,N/A,N/A,5053,100,50.530,100.000,100.000,N/A,N/A,N/A,N/A,N/A,N/A,N/A,N/A,N/A,N/A,N/A,N/A,N/A,N/A
2020-12-18 - Plate scFv1,Experiment,Group,,G6,Experiment,None,,R1,FSC-A,SSC-A,2088,100,20.880,41.322,41.322,1003651,37131,1048575,37959,848376,39333,179045.16,6949.06,17.84,18.71,0.00,6022.32,0.00,15.87
2020-12-18 - Plate scFv1,Experiment,Group,,G6,Experiment,None,,R2,BL1-A,,120,100,1.200,2.375,5.747,27702,N/A,27225,N/A,24906,N/A,25608.50,N/A,92.44,N/A,29192.39,N/A,107.23,N/A
2020-12-18 - Plate scFv1,Experiment,Group,,G6,Experiment,None,,R1,BL1-A,,2088,100,20.880,41.322,41.322,1935,N/A,364,N/A,400,N/A,8827.26,N/A,456.26,N/A,142.33,N/A,39.10,N/A
2020-12-18 - Plate scFv1,Experiment,Group,,H1,Experiment,None,N/A,All Events,N/A,N/A,2862,100,28.620,100.000,100.000,N/A,N/A,N/A,N/A,N/A,N/A,N/A,N/A,N/A,N/A,N/A,N/A,N/A,N/A
2020-12-18 - Plate scFv1,Experiment,Group,,H1,Experiment,None,,R1,FSC-A,SSC-A,2744,100,27.440,95.877,95.877,554469,15277,525960,12878,515460,11955,164610.99,7497.18,29.69,49.08,79778.70,4733.94,15.17,36.76
2020-12-18 - Plate scFv1,Experiment,Group,,H1,Experiment,None,,R2,BL1-A,,222,100,2.220,7.757,8.090,17495,N/A,13306,N/A,14690,N/A,23443.98,N/A,134.00,N/A,10284.80,N/A,77.30,N/A
2020-12-18 - Plate scFv1,Experiment,Group,,H1,Experiment,None,,R1,BL1-A,,2744,100,27.440,95.877,95.877,1585,N/A,172,N/A,-25,N/A,8160.13,N/A,514.94,N/A,108.23,N/A,62.92,N/A
2020-12-18 - Plate scFv1,Experiment,Group,,H2,Experiment,None,N/A,All Events,N/A,N/A,4039,100,40.390,100.000,100.000,N/A,N/A,N/A,N/A,N/A,N/A,N/A,N/A,N/A,N/A,N/A,N/A,N/A,N/A
2020-12-18 - Plate scFv1,Experiment,Group,,H2,Experiment,None,,R1,FSC-A,SSC-A,3862,100,38.620,95.618,95.618,560533,15682,528951,13175,494600,10885,170828.79,7838.14,30.48,49.98,87670.58,5092.73,16.57,38.66
2020-12-18 - Plate scFv1,Experiment,Group,,H2,Experiment,None,,R2,BL1-A,,354,100,3.540,8.765,9.166,11939,N/A,8477,N/A,959,N/A,11332.46,N/A,94.92,N/A,9762.92,N/A,115.18,N/A
2020-12-18 - Plate scFv1,Experiment,Group,,H2,Experiment,None,,R1,BL1-A,,3862,100,38.620,95.618,95.618,1272,N/A,181,N/A,-14,N/A,4821.06,N/A,378.90,N/A,116.38,N/A,64.48,N/A
2020-12-18 - Plate scFv1,Experiment,Group,,H3,Experiment,None,N/A,All Events,N/A,N/A,4502,100,45.020,100.000,100.000,N/A,N/A,N/A,N/A,N/A,N/A,N/A,N/A,N/A,N/A,N/A,N/A,N/A,N/A
2020-12-18 - Plate scFv1,Experiment,Group,,H3,Experiment,None,,R1,FSC-A,SSC-A,4267,100,42.670,94.780,94.780,560730,15721,530944,13414,529024,11946,162691.87,7721.39,29.01,49.11,90827.04,5034.91,17.11,37.53
2020-12-18 - Plate scFv1,Experiment,Group,,H3,Experiment,None,,R2,BL1-A,,301,100,3.010,6.686,7.054,12138,N/A,9789,N/A,16975,N/A,10775.58,N/A,88.78,N/A,10526.46,N/A,107.53,N/A
2020-12-18 - Plate scFv1,Experiment,Group,,H3,Experiment,None,,R1,BL1-A,,4267,100,42.670,94.780,94.780,1025,N/A,168,N/A,-11,N/A,4189.86,N/A,408.65,N/A,105.26,N/A,62.66,N/A
2020-12-18 - Plate scFv1,Experiment,Group,,H4,Experiment,None,N/A,All Events,N/A,N/A,3294,100,32.940,100.000,100.000,N/A,N/A,N/A,N/A,N/A,N/A,N/A,N/A,N/A,N/A,N/A,N/A,N/A,N/A
2020-12-18 - Plate scFv1,Experiment,Group,,H4,Experiment,None,,R1,FSC-A,SSC-A,3184,100,31.840,96.661,96.661,556407,15111,530002,12989,508126,9761,151966.47,7334.46,27.31,48.54,81565.24,4650.92,15.39,35.81
2020-12-18 - Plate scFv1,Experiment,Group,,H4,Experiment,None,,R2,BL1-A,,173,100,1.730,5.252,5.433,13864,N/A,11791,N/A,11907,N/A,12726.48,N/A,91.79,N/A,12504.25,N/A,106.05,N/A
2020-12-18 - Plate scFv1,Experiment,Group,,H4,Experiment,None,,R1,BL1-A,,3184,100,31.840,96.661,96.661,927,N/A,166,N/A,-13,N/A,4288.00,N/A,462.56,N/A,97.85,N/A,58.95,N/A
2020-12-18 - Plate scFv1,Experiment,Group,,H5,Experiment,None,N/A,All Events,N/A,N/A,4725,100,47.250,100.000,100.000,N/A,N/A,N/A,N/A,N/A,N/A,N/A,N/A,N/A,N/A,N/A,N/A,N/A,N/A
2020-12-18 - Plate scFv1,Experiment,Group,,H5,Experiment,None,,R1,FSC-A,SSC-A,4494,100,44.940,95.111,95.111,549927,15883,517480,13235,529401,10884,172698.19,8032.98,31.40,50.57,93166.58,5320.31,18.00,40.20
2020-12-18 - Plate scFv1,Experiment,Group,,H5,Experiment,None,,R2,BL1-A,,716,100,7.160,15.153,15.932,9541,N/A,5896,N/A,8538,N/A,10094.47,N/A,105.80,N/A,6237.30,N/A,105.80,N/A
2020-12-18 - Plate scFv1,Experiment,Group,,H5,Experiment,None,,R1,BL1-A,,4494,100,44.940,95.111,95.111,1690,N/A,191,N/A,-16,N/A,5284.07,N/A,312.62,N/A,143.81,N/A,75.29,N/A
2020-12-18 - Plate scFv1,Experiment,Group,,H6,Experiment,None,N/A,All Events,N/A,N/A,2470,100,24.700,100.000,100.000,N/A,N/A,N/A,N/A,N/A,N/A,N/A,N/A,N/A,N/A,N/A,N/A,N/A,N/A
2020-12-18 - Plate scFv1,Experiment,Group,,H6,Experiment,None,,R1,FSC-A,SSC-A,2358,100,23.580,95.466,95.466,559037,15485,522580,12844,494558,11019,168916.39,7694.36,30.22,49.69,81528.17,4902.22,15.60,38.17
2020-12-18 - Plate scFv1,Experiment,Group,,H6,Experiment,None,,R2,BL1-A,,236,100,2.360,9.555,10.008,17870,N/A,18082,N/A,17233,N/A,11785.93,N/A,65.95,N/A,12604.32,N/A,69.71,N/A
2020-12-18 - Plate scFv1,Experiment,Group,,H6,Experiment,None,,R1,BL1-A,,2358,100,23.580,95.466,95.466,1950,N/A,170,N/A,-20,N/A,6485.51,N/A,332.54,N/A,112.68,N/A,66.28,N/A
2020-12-18 - Plate scFv1,Experiment,Group,,C8,Experiment,None,N/A,All Events,N/A,N/A,6690,100,66.900,100.000,100.000,N/A,N/A,N/A,N/A,N/A,N/A,N/A,N/A,N/A,N/A,N/A,N/A,N/A,N/A
2020-12-18 - Plate scFv1,Experiment,Group,,C8,Experiment,None,,R1,FSC-A,SSC-A,6508,100,65.080,97.280,97.280,579398,15211,548526,12948,522172,11015,148429.68,7277.92,25.62,47.85,82190.15,4708.74,14.98,36.37
2020-12-18 - Plate scFv1,Experiment,Group,,C8,Experiment,None,,R2,BL1-A,,204,100,2.040,3.049,3.135,11066,N/A,9549,N/A,12427,N/A,9719.57,N/A,87.83,N/A,10708.08,N/A,112.14,N/A
2020-12-18 - Plate scFv1,Experiment,Group,,C8,Experiment,None,,R1,BL1-A,,6508,100,65.080,97.280,97.280,503,N/A,148,N/A,-17,N/A,2563.31,N/A,509.93,N/A,88.96,N/A,60.11,N/A
2020-12-18 - Plate scFv1,Experiment,Group,,D8,Experiment,None,N/A,All Events,N/A,N/A,6024,100,60.240,100.000,100.000,N/A,N/A,N/A,N/A,N/A,N/A,N/A,N/A,N/A,N/A,N/A,N/A,N/A,N/A
2020-12-18 - Plate scFv1,Experiment,Group,,D8,Experiment,None,,R1,FSC-A,SSC-A,5866,100,58.660,97.377,97.377,568679,15317,544254,13161,543900,10577,150787.77,7321.37,26.52,47.80,82376.22,4716.89,15.14,35.84
2020-12-18 - Plate scFv1,Experiment,Group,,D8,Experiment,None,,R2,BL1-A,,319,100,3.190,5.295,5.438,14225,N/A,12798,N/A,12777,N/A,12592.06,N/A,88.52,N/A,10701.41,N/A,83.62,N/A
2020-12-18 - Plate scFv1,Experiment,Group,,D8,Experiment,None,,R1,BL1-A,,5866,100,58.660,97.377,97.377,924,N/A,147,N/A,-17,N/A,4334.17,N/A,468.93,N/A,93.40,N/A,63.54,N/A
2020-12-18 - Plate scFv1,Experiment,Group,,E8,Experiment,None,N/A,All Events,N/A,N/A,2438,100,24.380,100.000,100.000,N/A,N/A,N/A,N/A,N/A,N/A,N/A,N/A,N/A,N/A,N/A,N/A,N/A,N/A
2020-12-18 - Plate scFv1,Experiment,Group,,E8,Experiment,None,,R1,FSC-A,SSC-A,2020,100,20.200,82.855,82.855,685804,29906,693780,29099,712955,30855,148906.07,8244.00,21.71,27.57,117731.04,7771.05,16.97,26.71
2020-12-18 - Plate scFv1,Experiment,Group,,E8,Experiment,None,,R2,BL1-A,,424,100,4.240,17.391,20.990,26837,N/A,20465,N/A,1005,N/A,31786.42,N/A,118.44,N/A,21728.24,N/A,106.17,N/A
2020-12-18 - Plate scFv1,Experiment,Group,,E8,Experiment,None,,R1,BL1-A,,2020,100,20.200,82.855,82.855,5951,N/A,433,N/A,354,N/A,18101.28,N/A,304.20,N/A,223.87,N/A,51.70,N/A
